Date,Sales_USD_cumsum,Number_of_Sales_cumsum,Sales_USD,Number_of_Sales
2017-06-22,0,0,0,0
2017-06-23,1020,19,1020,19
2017-06-24,2261,40,1240,21
2017-06-25,2778,53,517,13
2017-06-26,3203,67,424,14
2017-06-27,5296,100,2092,33
2017-06-28,6543,115,1247,15
2017-06-29,8729,153,2185,38
2017-06-30,10437,174,1708,21
2017-07-01,13578,184,3140,10
2017-07-02,16502,215,2924,31
2017-07-03,23752,266,7249,51
2017-07-04,37258,324,13505,58
2017-07-05,39098,342,1840,18
2017-07-06,46120,365,7022,23
2017-07-07,53203,402,7082,37
2017-07-08,56431,432,3227,30
2017-07-09,57400,444,969,12
2017-07-10,62310,461,4910,17
2017-07-11,68019,504,5709,43
2017-07-12,69798,521,1778,17
2017-07-13,75099,552,5300,31
2017-07-14,75547,559,448,7
2017-07-15,76097,564,549,5
2017-07-16,76416,567,319,3
2017-07-17,77869,572,1452,5
2017-07-18,80790,602,2921,30
2017-07-19,84227,633,3436,31
2017-07-20,86580,654,2352,21
2017-07-21,88715,675,2135,21
2017-07-22,89759,688,1044,13
2017-07-23,90181,694,421,6
2017-07-24,91308,709,1126,15
2017-07-25,93077,717,1769,8
2017-07-26,93392,722,314,5
2017-07-27,93504,724,111,2
2017-07-28,93878,729,374,5
2017-07-29,94885,737,1006,8
2017-07-30,96364,753,1478,16
2017-07-31,96577,755,213,2
2017-08-01,96686,757,109,2
2017-08-02,97212,758,525,1
2017-08-03,101812,779,4599,21
2017-08-04,101812,779,0,0
2017-08-05,103331,781,1518,2
2017-08-06,103331,781,0,0
2017-08-07,103407,782,76,1
2017-08-08,104405,787,997,5
2017-08-09,104672,790,267,3
2017-08-10,104853,792,181,2
2017-08-11,105512,800,659,8
2017-08-12,106551,817,1038,17
2017-08-13,107356,824,805,7
2017-08-14,107860,827,503,3
2017-08-15,108121,831,260,4
2017-08-16,108331,833,210,2
2017-08-17,108481,835,150,2
2017-08-18,108570,836,88,1
2017-08-19,108689,837,118,1
2017-08-20,108851,838,162,1
2017-08-21,109644,846,792,8
2017-08-22,109731,847,87,1
2017-08-23,109886,849,155,2
2017-08-24,109886,849,0,0
2017-08-25,110143,852,256,3
2017-08-26,110242,853,98,1
2017-08-27,110242,853,0,0
2017-08-28,111388,862,1145,9
2017-08-29,111480,863,91,1
2017-08-30,111654,865,174,2
2017-08-31,111757,866,103,1
2017-09-01,112263,871,506,5
2017-09-02,112333,874,69,3
2017-09-03,112333,874,0,0
2017-09-04,112647,877,314,3
2017-09-05,112647,877,0,0
2017-09-06,112647,877,0,0
2017-09-07,112647,877,0,0
2017-09-08,112723,878,76,1
2017-09-09,112723,878,0,0
2017-09-10,112925,881,202,3
2017-09-11,113065,883,139,2
2017-09-12,113146,885,81,2
2017-09-13,113146,885,0,0
2017-09-14,113146,885,0,0
2017-09-15,113146,885,0,0
2017-09-16,113217,886,70,1
2017-09-17,113351,888,133,2
2017-09-18,113414,889,63,1
2017-09-19,113793,893,378,4
2017-09-20,114166,896,372,3
2017-09-21,114374,900,208,4
2017-09-22,114445,901,71,1
2017-09-23,114689,905,243,4
2017-09-24,114745,906,56,1
2017-09-25,114745,906,0,0
2017-09-26,114745,906,0,0
2017-09-27,115168,910,423,4
2017-09-28,115204,911,36,1
2017-09-29,115519,918,314,7
2017-09-30,115679,928,160,10
2017-10-01,116129,929,449,1
2017-10-02,116129,929,0,0
2017-10-03,116129,929,0,0
2017-10-04,116187,930,58,1
2017-10-05,116187,930,0,0
2017-10-06,116187,930,0,0
2017-10-07,116187,930,0,0
2017-10-08,116280,931,93,1
2017-10-09,116307,932,26,1
2017-10-10,116307,932,0,0
2017-10-11,116374,933,66,1
2017-10-12,116413,934,39,1
2017-10-13,116768,938,354,4
2017-10-14,117023,942,254,4
2017-10-15,117200,945,177,3
2017-10-16,117380,947,179,2
2017-10-17,117380,947,0,0
2017-10-18,117380,947,0,0
2017-10-19,117407,948,27,1
2017-10-20,117504,949,96,1
2017-10-21,117582,950,78,1
2017-10-22,117582,950,0,0
2017-10-23,117582,950,0,0
2017-10-24,117582,950,0,0
2017-10-25,117627,951,44,1
2017-10-26,117896,958,268,7
2017-10-27,118075,964,178,6
2017-10-28,118253,970,177,6
2017-10-29,118274,971,21,1
2017-10-30,118491,974,217,3
2017-10-31,118713,980,221,6
2017-11-01,118824,984,111,4
2017-11-02,118936,987,111,3
2017-11-03,118936,987,0,0
2017-11-04,119023,990,86,3
2017-11-05,119023,990,0,0
2017-11-06,119023,990,0,0
2017-11-07,119289,991,265,1
2017-11-08,119289,991,0,0
2017-11-09,119437,993,148,2
2017-11-10,119437,993,0,0
2017-11-11,119437,993,0,0
2017-11-12,119528,994,91,1
2017-11-13,119591,996,63,2
2017-11-14,119659,997,67,1
2017-11-15,119796,999,137,2
2017-11-16,119796,999,0,0
2017-11-17,119796,999,0,0
2017-11-18,119796,999,0,0
2017-11-19,119868,1001,71,2
2017-11-20,119978,1004,109,3
2017-11-21,120359,1114,381,110
2017-11-22,121053,1171,694,57
2017-11-23,124682,2287,3628,1116
2017-11-24,131611,5305,6929,3018
2017-11-25,133837,7246,2225,1941
2017-11-26,136682,8466,2845,1220
2017-11-27,138303,9434,1621,968
2017-11-28,143410,11162,5106,1728
2017-11-29,173615,16740,30205,5578
2017-11-30,197276,24900,23661,8160
2017-12-01,234124,32787,36847,7887
2017-12-02,502403,46552,268278,13765
2017-12-03,1599738,76317,1097335,29765
2017-12-04,4032236,115308,2432498,38991
2017-12-05,6363849,156833,2331613,41525
2017-12-06,8266232,189193,1902382,32360
2017-12-07,10072689,227386,1806456,38193
2017-12-08,12209686,272593,2136996,45207
2017-12-09,14056240,323607,1846554,51014
2017-12-10,15434077,375641,1377836,52034
2017-12-11,16572006,422708,1137928,47067
2017-12-12,17400529,460103,828522,37395
2017-12-13,18034254,489799,633725,29696
2017-12-14,18642696,520734,608442,30935
2017-12-15,19103173,543764,460476,23030
2017-12-16,20154520,570959,1051346,27195
2017-12-17,20825134,592114,670614,21155
2017-12-18,21337256,611175,512122,19061
2017-12-19,21759847,625222,422591,14047
2017-12-20,22685558,646005,925710,20783
2017-12-21,23855008,661808,1169450,15803
2017-12-22,25828464,678090,1973455,16282
2017-12-23,27973984,692687,2145520,14597
2017-12-24,29617165,705268,1643181,12581
2017-12-25,31448628,715090,1831463,9822
2017-12-26,32434693,723036,986064,7946
2017-12-27,33089254,732142,654561,9106
2017-12-28,33477458,742121,388203,9979
2017-12-29,33830493,750395,353035,8274
2017-12-30,33959868,757036,129374,6641
2017-12-31,34147673,763957,187805,6921
2018-01-01,34291082,771543,143409,7586
2018-01-02,34498430,778027,207347,6484
2018-01-03,34632482,781635,134051,3608
2018-01-04,34691174,784203,58692,2568
2018-01-05,34735324,786279,44149,2076
2018-01-06,34819737,789185,84413,2906
2018-01-07,34884309,792379,64571,3194
2018-01-08,34945278,794929,60969,2550
2018-01-09,35001619,796695,56341,1766
2018-01-10,35054177,798021,52558,1326
2018-01-11,35108922,800180,54745,2159
2018-01-12,35172985,802662,64062,2482
2018-01-13,35235666,805161,62681,2499
2018-01-14,35319071,807978,83404,2817
2018-01-15,35369172,809796,50101,1818
2018-01-16,35425802,811814,56630,2018
2018-01-17,35471906,814140,46103,2326
2018-01-18,35525826,816958,53919,2818
2018-01-19,35609037,820075,83211,3117
2018-01-20,35761029,823293,151992,3218
2018-01-21,35825606,826380,64576,3087
2018-01-22,35873852,829405,48246,3025
2018-01-23,35918966,832292,45114,2887
2018-01-24,35966866,834966,47900,2674
2018-01-25,36005075,837218,38208,2252
2018-01-26,36054980,840037,49905,2819
2018-01-27,36108948,843177,53967,3140
2018-01-28,36178999,845838,70051,2661
2018-01-29,36224013,848312,45014,2474
2018-01-30,36280232,851300,56218,2988
2018-01-31,36377394,854158,97162,2858
2018-02-01,36411290,856234,33895,2076
2018-02-02,36454311,858730,43020,2496
2018-02-03,36490463,861027,36152,2297
2018-02-04,36522165,863077,31701,2050
2018-02-05,36552761,865462,30596,2385
2018-02-06,36588330,868797,35568,3335
2018-02-07,36626897,871696,38566,2899
2018-02-08,36661012,874456,34114,2760
2018-02-09,36711769,877287,50757,2831
2018-02-10,36778217,879405,66447,2118
2018-02-11,36843863,882831,65646,3426
2018-02-12,36902875,886072,59011,3241
2018-02-13,36997175,889794,94300,3722
2018-02-14,37421930,895443,424754,5649
2018-02-15,38150353,901843,728423,6400
2018-02-16,38312014,907316,161661,5473
2018-02-17,38474454,911557,162439,4241
2018-02-18,38646955,915987,172501,4430
2018-02-19,38865079,921004,218123,5017
2018-02-20,39108216,925553,243136,4549
2018-02-21,39197679,929585,89463,4032
2018-02-22,39280069,933459,82389,3874
2018-02-23,39403752,937866,123683,4407
2018-02-24,39568601,946458,164849,8592
2018-02-25,39692536,955593,123934,9135
2018-02-26,39827268,962305,134732,6712
2018-02-27,39994479,970876,167211,8571
2018-02-28,40121637,978594,127158,7718
2018-03-01,40215192,984556,93555,5962
2018-03-02,40294542,988912,79350,4356
2018-03-03,40379612,993402,85069,4490
2018-03-04,40599523,998568,219910,5166
2018-03-05,40731039,1002938,131516,4370
2018-03-06,40849981,1006715,118941,3777
2018-03-07,41019899,1011809,169918,5094
2018-03-08,41119082,1018390,99182,6581
2018-03-09,41210586,1024503,91503,6113
2018-03-10,41306949,1033580,96363,9077
2018-03-11,41370259,1037647,63309,4067
2018-03-12,41439542,1042481,69282,4834
2018-03-13,41503386,1046239,63844,3758
2018-03-14,41560554,1050690,57168,4451
2018-03-15,41601361,1054626,40806,3936
2018-03-16,41649611,1057755,48250,3129
2018-03-17,41701763,1061521,52152,3766
2018-03-18,41741568,1064345,39804,2824
2018-03-19,41793974,1067472,52406,3127
2018-03-20,42009633,1070533,215658,3061
2018-03-21,42269558,1073914,259925,3381
2018-03-22,42409590,1077316,140031,3402
2018-03-23,42702689,1080472,293098,3156
2018-03-24,42820751,1083648,118062,3176
2018-03-25,42935226,1089977,114474,6329
2018-03-26,43031961,1093026,96734,3049
2018-03-27,43137118,1096480,105156,3454
2018-03-28,43327436,1100151,190317,3671
2018-03-29,43416823,1104001,89387,3850
2018-03-30,43630963,1109769,214140,5768
2018-03-31,43710064,1112940,79100,3171
2018-04-01,43784507,1115852,74443,2912
2018-04-02,43845744,1119060,61236,3208
2018-04-03,43923138,1122305,77393,3245
2018-04-04,43973402,1125300,50264,2995
2018-04-05,44036729,1128056,63327,2756
2018-04-06,44104985,1131869,68255,3813
2018-04-07,44147403,1134610,42418,2741
2018-04-08,44218654,1142096,71250,7486
2018-04-09,44267240,1147373,48586,5277
2018-04-10,44320422,1150652,53182,3279
2018-04-11,44391213,1154122,70790,3470
2018-04-12,44435434,1157065,44221,2943
2018-04-13,44528128,1163248,92693,6183
2018-04-14,44613960,1168134,85832,4886
2018-04-15,44705746,1172095,91786,3961
2018-04-16,44767326,1175886,61579,3791
2018-04-17,44852377,1180991,85050,5105
2018-04-18,44919957,1185145,67580,4154
2018-04-19,44980260,1189017,60303,3872
2018-04-20,45030215,1193090,49954,4073
2018-04-21,45076686,1195662,46471,2572
2018-04-22,45127388,1197478,50701,1816
2018-04-23,45284203,1199342,156815,1864
2018-04-24,45366901,1201563,82697,2221
2018-04-25,45461079,1203848,94178,2285
2018-04-26,45522223,1205642,61143,1794
2018-04-27,45582274,1209030,60051,3388
2018-04-28,45642988,1214305,60714,5275
2018-04-29,45744299,1224238,101310,9933
2018-04-30,45852368,1227589,108069,3351
2018-05-01,45921458,1229837,69090,2248
2018-05-02,46016773,1231944,95314,2107
2018-05-03,46084882,1233669,68109,1725
2018-05-04,46170004,1236525,85121,2856
2018-05-05,46258624,1240042,88620,3517
2018-05-06,46320289,1242872,61665,2830
2018-05-07,46378740,1245606,58451,2734
2018-05-08,46459499,1249330,80758,3724
2018-05-09,46515780,1251718,56280,2388
2018-05-10,46570198,1253808,54418,2090
2018-05-11,46642455,1256315,72257,2507
2018-05-12,46680996,1258589,38540,2274
2018-05-13,46725171,1260390,44174,1801
2018-05-14,46753907,1261799,28736,1409
2018-05-15,46780441,1263444,26534,1645
2018-05-16,46824397,1265898,43955,2454
2018-05-17,46876826,1269781,52428,3883
2018-05-18,46929001,1273158,52174,3377
2018-05-19,46974154,1276807,45152,3649
2018-05-20,47027705,1279470,53551,2663
2018-05-21,47057511,1281296,29806,1826
2018-05-22,47088046,1283145,30534,1849
2018-05-23,47116546,1284856,28500,1711
2018-05-24,47152782,1287892,36236,3036
2018-05-25,47199567,1290192,46784,2300
2018-05-26,47242535,1292883,42967,2691
2018-05-27,47278796,1295694,36261,2811
2018-05-28,47323948,1297787,45151,2093
2018-05-29,47372879,1301898,48930,4111
2018-05-30,47432869,1306433,59990,4535
2018-05-31,47476731,1309783,43862,3350
2018-06-01,47511109,1312662,34377,2879
2018-06-02,47559068,1315575,47959,2913
2018-06-03,47617830,1317903,58762,2328
2018-06-04,47665750,1320094,47920,2191
2018-06-05,47721718,1322608,55967,2514
2018-06-06,47775640,1324619,53921,2011
2018-06-07,47838583,1326792,62943,2173
2018-06-08,47906333,1328856,67749,2064
2018-06-09,47942002,1331637,35669,2781
2018-06-10,47982697,1333702,40694,2065
2018-06-11,48025298,1337083,42601,3381
2018-06-12,48062279,1339986,36981,2903
2018-06-13,48113548,1342258,51268,2272
2018-06-14,48159311,1344184,45763,1926
2018-06-15,48209826,1349437,50514,5253
2018-06-16,48238294,1351793,28467,2356
2018-06-17,48294965,1354228,56671,2435
2018-06-18,48389995,1356983,95030,2755
2018-06-19,48481896,1359747,91900,2764
2018-06-20,48526324,1361722,44427,1975
2018-06-21,48589762,1364811,63438,3089
2018-06-22,48647925,1370048,58163,5237
2018-06-23,48693978,1373076,46052,3028
2018-06-24,48746630,1376119,52651,3043
2018-06-25,48790677,1378693,44047,2574
2018-06-26,48829374,1381017,38696,2324
2018-06-27,48864600,1383445,35226,2428
2018-06-28,48904526,1386078,39925,2633
2018-06-29,48962971,1389376,58444,3298
2018-06-30,48996056,1391798,33084,2422
2018-07-01,49014444,1393131,18387,1333
2018-07-02,49031680,1393830,17236,699
2018-07-03,49060711,1394455,29030,625
2018-07-04,49164174,1395210,103462,755
2018-07-05,49196814,1396218,32640,1008
2018-07-06,49219183,1397934,22368,1716
2018-07-07,49235862,1399200,16679,1266
2018-07-08,49255536,1400985,19674,1785
2018-07-09,49289919,1403782,34382,2797
2018-07-10,49321785,1405829,31866,2047
2018-07-11,49361863,1408250,40077,2421
2018-07-12,49404804,1411238,42940,2988
2018-07-13,49450674,1415058,45870,3820
2018-07-14,49469360,1416674,18685,1616
2018-07-15,49501242,1418158,31881,1484
2018-07-16,49554757,1420343,53515,2185
2018-07-17,49596095,1422267,41337,1924
2018-07-18,49645130,1424149,49034,1882
2018-07-19,49681412,1426452,36282,2303
2018-07-20,49709860,1428362,28447,1910
2018-07-21,49740413,1430621,30553,2259
2018-07-22,49792800,1432913,52386,2292
2018-07-23,49837740,1435461,44940,2548
2018-07-24,49890441,1437382,52700,1921
2018-07-25,49932226,1439883,41785,2501
2018-07-26,49975458,1443320,43231,3437
2018-07-27,50391373,1447472,415914,4152
2018-07-28,51288927,1450619,897554,3147
2018-07-29,51319966,1452867,31039,2248
2018-07-30,51493998,1454729,174032,1862
2018-07-31,51588237,1456803,94238,2074
2018-08-01,51622536,1459364,34298,2561
2018-08-02,51855533,1461733,232997,2369
2018-08-03,51902035,1463510,46501,1777
2018-08-04,51955942,1465523,53906,2013
2018-08-05,52013885,1467370,57943,1847
2018-08-06,52058341,1468991,44456,1621
2018-08-07,52111376,1470412,53035,1421
2018-08-08,52145793,1471896,34417,1484
2018-08-09,52179146,1473305,33352,1409
2018-08-10,52200526,1474796,21380,1491
2018-08-11,52221264,1476667,20737,1871
2018-08-12,52243346,1478828,22081,2161
2018-08-13,52272665,1481079,29319,2251
2018-08-14,52347431,1483787,74766,2708
2018-08-15,52408136,1486801,60705,3014
2018-08-16,52457071,1490457,48935,3656
2018-08-17,52514431,1495526,57359,5069
2018-08-18,52606380,1502048,91949,6522
2018-08-19,52681953,1509124,75572,7076
2018-08-20,52730941,1512738,48988,3614
2018-08-21,52813208,1516321,82266,3583
2018-08-22,52864378,1518857,51169,2536
2018-08-23,52964607,1522986,100229,4129
2018-08-24,53058341,1528251,93733,5265
2018-08-25,53216321,1533160,157979,4909
2018-08-26,53265502,1536846,49181,3686
2018-08-27,53328579,1541768,63076,4922
2018-08-28,53407141,1545875,78561,4107
2018-08-29,53476130,1550821,68989,4946
2018-08-30,53542806,1559094,66675,8273
2018-08-31,53623117,1569546,80310,10452
2018-09-01,53701147,1578974,78030,9428
2018-09-02,53776207,1586928,75060,7954
2018-09-03,53851853,1594187,75645,7259
2018-09-04,54077886,1599129,226032,4942
2018-09-05,54172206,1604677,94320,5548
2018-09-06,54223906,1611915,51699,7238
2018-09-07,54299749,1619844,75842,7929
2018-09-08,54397820,1625944,98070,6100
2018-09-09,54486010,1635097,88190,9153
2018-09-10,54636180,1643150,150169,8053
2018-09-11,54716582,1654050,80401,10900
2018-09-12,54876284,1663880,159701,9830
2018-09-13,55039580,1668330,163296,4450
2018-09-14,55186617,1673099,147036,4769
2018-09-15,55289902,1676897,103285,3798
2018-09-16,55466897,1680119,176994,3222
2018-09-17,55535068,1683981,68171,3862
2018-09-18,55623676,1688232,88607,4251
2018-09-19,55740032,1693587,116355,5355
2018-09-20,55838640,1698004,98607,4417
2018-09-21,55996549,1703324,157909,5320
2018-09-22,56063748,1710418,67198,7094
2018-09-23,56267825,1715933,204076,5515
2018-09-24,56353468,1720796,85643,4863
2018-09-25,56418559,1725574,65091,4778
2018-09-26,56499822,1731457,81262,5883
2018-09-27,56602775,1737688,102953,6231
2018-09-28,56652339,1741348,49563,3660
2018-09-29,56736513,1745618,84174,4270
2018-09-30,56788384,1750614,51870,4996
2018-10-01,56860505,1755013,72120,4399
2018-10-02,56948313,1758146,87807,3133
2018-10-03,57104588,1761914,156275,3768
2018-10-04,57223799,1766257,119210,4343
2018-10-05,57340760,1773680,116960,7423
2018-10-06,57415716,1778139,74956,4459
2018-10-07,57498904,1782636,83187,4497
2018-10-08,57559105,1786882,60201,4246
2018-10-09,57633310,1790582,74205,3700
2018-10-10,57723978,1794903,90668,4321
2018-10-11,57864510,1801199,140531,6296
2018-10-12,58034342,1805898,169831,4699
2018-10-13,58163166,1809861,128824,3963
2018-10-14,58232911,1813176,69744,3315
2018-10-15,58327147,1816292,94236,3116
2018-10-16,58379201,1819660,52053,3368
2018-10-17,58464818,1825180,85617,5520
2018-10-18,58563826,1828667,99008,3487
2018-10-19,58643222,1836752,79396,8085
2018-10-20,58694350,1841417,51127,4665
2018-10-21,58741979,1846914,47628,5497
2018-10-22,58929423,1851138,187443,4224
2018-10-23,59025498,1856343,96075,5205
2018-10-24,59118350,1860632,92851,4289
2018-10-25,59178319,1864187,59969,3555
2018-10-26,59231988,1868774,53668,4587
2018-10-27,59290179,1874218,58191,5444
2018-10-28,59351563,1878507,61383,4289
2018-10-29,59414410,1882794,62847,4287
2018-10-30,59542214,1886604,127804,3810
2018-10-31,59582688,1890349,40473,3745
2018-11-01,59688541,1894297,105853,3948
2018-11-02,59809828,1898141,121286,3844
2018-11-03,59857476,1902763,47648,4622
2018-11-04,59916019,1907486,58542,4723
2018-11-05,60190689,1911939,274669,4453
2018-11-06,60290359,1915719,99670,3780
2018-11-07,60427918,1920902,137558,5183
2018-11-08,60530995,1924658,103076,3756
2018-11-09,60609875,1928212,78880,3554
2018-11-10,60676390,1932294,66514,4082
2018-11-11,60908697,1936432,232306,4138
2018-11-12,61005429,1940417,96732,3985
2018-11-13,61164733,1945734,159303,5317
2018-11-14,61301965,1951214,137231,5480
2018-11-15,61427120,1961455,125154,10241
2018-11-16,61519551,1968039,92431,6584
2018-11-17,61559202,1972914,39650,4875
2018-11-18,61617357,1977537,58154,4623
2018-11-19,61720238,1981626,102880,4089
2018-11-20,61789716,1985658,69477,4032
2018-11-21,61830565,1992093,40849,6435
2018-11-22,61883785,1998720,53219,6627
2018-11-23,61953203,2003332,69417,4612
2018-11-24,62002092,2007876,48888,4544
2018-11-25,62033880,2013057,31788,5181
2018-11-26,62084745,2019035,50864,5978
2018-11-27,62130054,2025173,45309,6138
2018-11-28,62180092,2030302,50038,5129
2018-11-29,62278317,2034929,98224,4627
2018-11-30,62382590,2041032,104272,6103
2018-12-01,62441696,2051912,59106,10880
2018-12-02,62496110,2059399,54414,7487
2018-12-03,62531513,2066608,35403,7209
2018-12-04,62575689,2072935,44175,6327
2018-12-05,62632739,2086659,57049,13724
2018-12-06,62667949,2092303,35210,5644
2018-12-07,62702239,2098744,34289,6441
2018-12-08,62765273,2103033,63034,4289
2018-12-09,62808412,2107508,43138,4475
2018-12-10,62839316,2110623,30903,3115
2018-12-11,63006328,2114185,167012,3562
2018-12-12,63884107,2118289,877778,4104
2018-12-13,63928454,2123666,44347,5377
2018-12-14,64112198,2128526,183743,4860
2018-12-15,64225983,2134964,113785,6438
2018-12-16,64420264,2141005,194280,6041
2018-12-17,64474344,2145721,54080,4716
2018-12-18,64537597,2149491,63252,3770
2018-12-19,64926900,2153566,389303,4075
2018-12-20,65997500,2158541,1070599,4975
2018-12-21,68889504,2165676,2892004,7135
2018-12-22,69488604,2169700,599099,4024
2018-12-23,70669689,2176718,1181085,7018
2018-12-24,70739685,2180666,69996,3948
2018-12-25,70806581,2183839,66895,3173
2018-12-26,70832422,2186801,25840,2962
2018-12-27,70860969,2189680,28547,2879
2018-12-28,70920253,2192927,59284,3247
2018-12-29,70945507,2196075,25253,3148
2018-12-30,71006481,2199161,60974,3086
2018-12-31,71063015,2202516,56533,3355
2019-01-01,71084245,2204983,21230,2467
2019-01-02,71112148,2207674,27902,2691
2019-01-03,71157226,2210421,45078,2747
2019-01-04,71210196,2213169,52969,2748
2019-01-05,71239505,2216027,29308,2858
2019-01-06,71972763,2218787,733257,2760
2019-01-07,72010045,2221937,37282,3150
2019-01-08,72065939,2224317,55894,2380
2019-01-09,72107046,2226839,41106,2522
2019-01-10,72152598,2230760,45551,3921
2019-01-11,72212785,2238886,60187,8126
2019-01-12,72283540,2244791,70754,5905
2019-01-13,72373794,2250398,90253,5607
2019-01-14,72466168,2254864,92374,4466
2019-01-15,72498325,2259130,32156,4266
2019-01-16,72557491,2263535,59166,4405
2019-01-17,72602799,2267327,45307,3792
2019-01-18,72660144,2271844,57345,4517
2019-01-19,72701694,2276122,41550,4278
2019-01-20,72766620,2280868,64925,4746
2019-01-21,72800019,2285133,33398,4265
2019-01-22,72824024,2287656,24005,2523
2019-01-23,72851666,2290710,27642,3054
2019-01-24,72880060,2294557,28393,3847
2019-01-25,72925789,2297884,45729,3327
2019-01-26,72962164,2305409,36375,7525
2019-01-27,73024230,2312360,62065,6951
2019-01-28,73084258,2317015,60028,4655
2019-01-29,73110408,2320337,26150,3322
2019-01-30,74000187,2323722,889778,3385
2019-01-31,74028029,2326709,27841,2987
2019-02-01,74060083,2330595,32054,3886
2019-02-02,74096598,2334745,36515,4150
2019-02-03,74137319,2339478,40721,4733
2019-02-04,74170174,2342756,32854,3278
2019-02-05,74224445,2345756,54271,3000
2019-02-06,74277798,2348315,53352,2559
2019-02-07,74312509,2351163,34711,2848
2019-02-08,74340995,2354362,28486,3199
2019-02-09,74367152,2360413,26156,6051
2019-02-10,74421249,2366101,54097,5688
2019-02-11,74467346,2370703,46096,4602
2019-02-12,74494735,2374606,27388,3903
2019-02-13,74521207,2378405,26472,3799
2019-02-14,74554007,2383094,32800,4689
2019-02-15,74587946,2386801,33938,3707
2019-02-16,74617141,2393432,29194,6631
2019-02-17,74677854,2398695,60712,5263
2019-02-18,74715625,2403185,37771,4490
2019-02-19,74775724,2405816,60098,2631
2019-02-20,74835000,2408851,59275,3035
2019-02-21,74889040,2412505,54040,3654
2019-02-22,74931254,2416910,42213,4405
2019-02-23,74969026,2421834,37771,4924
2019-02-24,75002523,2425881,33497,4047
2019-02-25,75042630,2430067,40106,4186
2019-02-26,75099164,2434586,56533,4519
2019-02-27,75157019,2437462,57854,2876
2019-02-28,75201432,2439974,44413,2512
2019-03-01,75257595,2443706,56163,3732
2019-03-02,75352948,2449247,95353,5541
2019-03-03,75413891,2456201,60942,6954
2019-03-04,75504106,2461409,90215,5208
2019-03-05,75601210,2466233,97104,4824
2019-03-06,75669780,2471446,68569,5213
2019-03-07,75727898,2477163,58118,5717
2019-03-08,75807106,2483787,79207,6624
2019-03-09,75876420,2490044,69314,6257
2019-03-10,75957360,2494791,80939,4747
2019-03-11,76010523,2498854,53162,4063
2019-03-12,76120706,2503351,110183,4497
2019-03-13,76182591,2507321,61884,3970
2019-03-14,76259385,2511237,76794,3916
2019-03-15,76329897,2515848,70512,4611
2019-03-16,76392724,2523290,62826,7442
2019-03-17,76476659,2529944,83934,6654
2019-03-18,76549574,2535233,72915,5289
2019-03-19,76616901,2540306,67326,5073
2019-03-20,76683477,2545242,66575,4936
2019-03-21,76737721,2549747,54244,4505
2019-03-22,76792987,2554740,55266,4993
2019-03-23,76872436,2560884,79448,6144
2019-03-24,76964160,2567209,91724,6325
2019-03-25,77028738,2572519,64577,5310
2019-03-26,77110114,2577376,81376,4857
2019-03-27,77161783,2581878,51669,4502
2019-03-28,77277217,2586038,115433,4160
2019-03-29,77390279,2612747,113062,26709
2019-03-30,77462293,2622364,72013,9617
2019-03-31,77540651,2633236,78358,10872
2019-04-01,77638970,2641329,98319,8093
2019-04-02,77757668,2646808,118697,5479
2019-04-03,77827960,2651123,70291,4315
2019-04-04,77919857,2654992,91896,3869
2019-04-05,77995759,2658733,75902,3741
2019-04-06,78052338,2663028,56579,4295
2019-04-07,78118993,2667100,66655,4072
2019-04-08,78180400,2670017,61406,2917
2019-04-09,78243297,2673380,62896,3363
2019-04-10,78297613,2676939,54315,3559
2019-04-11,78359844,2680019,62231,3080
2019-04-12,78434953,2683757,75108,3738
2019-04-13,78497771,2690317,62817,6560
2019-04-14,78542102,2697584,44330,7267
2019-04-15,78640649,2701361,98547,3777
2019-04-16,78700926,2705333,60276,3972
2019-04-17,78742424,2709730,41497,4397
2019-04-18,78789579,2714200,47155,4470
2019-04-19,78842649,2719267,53069,5067
2019-04-20,78888576,2723943,45927,4676
2019-04-21,78948877,2728502,60301,4559
2019-04-22,78991331,2732488,42453,3986
2019-04-23,79041017,2736294,49686,3806
2019-04-24,79142835,2740146,101817,3852
2019-04-25,79187168,2744098,44332,3952
2019-04-26,79237498,2747773,50329,3675
2019-04-27,79308856,2752420,71358,4647
2019-04-28,79355796,2757057,46939,4637
2019-04-29,79395902,2760911,40105,3854
2019-04-30,79601602,2764992,205700,4081
2019-05-01,79646084,2770262,44482,5270
2019-05-02,79715505,2775112,69420,4850
2019-05-03,79765510,2779295,50005,4183
2019-05-04,79809435,2784200,43925,4905
2019-05-05,79865156,2788594,55721,4394
2019-05-06,79903413,2792281,38256,3687
2019-05-07,79941227,2794586,37814,2305
2019-05-08,79994460,2798708,53232,4122
2019-05-09,80036520,2802865,42059,4157
2019-05-10,80123900,2808345,87380,5480
2019-05-11,80173249,2815666,49348,7321
2019-05-12,80236815,2821164,63565,5498
2019-05-13,80308062,2825853,71247,4689
2019-05-14,80347802,2829755,39739,3902
2019-05-15,80418376,2832209,70573,2454
2019-05-16,80466659,2834464,48282,2255
2019-05-17,80590509,2837967,123850,3503
2019-05-18,80708085,2841675,117575,3708
2019-05-19,80794996,2845455,86911,3780
2019-05-20,80895839,2848872,100842,3417
2019-05-21,80992235,2852099,96396,3227
2019-05-22,81068212,2855381,75977,3282
2019-05-23,81148538,2858391,80325,3010
2019-05-24,81316964,2862740,168425,4349
2019-05-25,81408772,2867818,91808,5078
2019-05-26,81481625,2872632,72852,4814
2019-05-27,81668311,2877183,186686,4551
2019-05-28,81768322,2882451,100011,5268
2019-05-29,81839057,2887235,70734,4784
2019-05-30,81904964,2893066,65906,5831
2019-05-31,81991307,2897746,86343,4680
2019-06-01,82039390,2900653,48083,2907
2019-06-02,82106194,2903654,66803,3001
2019-06-03,82220140,2906593,113945,2939
2019-06-04,82263907,2909080,43767,2487
2019-06-05,82319953,2912312,56046,3232
2019-06-06,82377347,2914997,57393,2685
2019-06-07,82482671,2918853,105324,3856
2019-06-08,82518393,2921986,35722,3133
2019-06-09,82566943,2926776,48549,4790
2019-06-10,82615460,2929806,48517,3030
2019-06-11,82658420,2933407,42960,3601
2019-06-12,82726896,2937232,68476,3825
2019-06-13,82807420,2941501,80523,4269
2019-06-14,82871815,2944927,64394,3426
2019-06-15,82930432,2948321,58616,3394
2019-06-16,83005365,2952412,74932,4091
2019-06-17,83055550,2955441,50185,3029
2019-06-18,83190646,2958473,135096,3032
2019-06-19,83307043,2961417,116396,2944
2019-06-20,83382691,2963661,75648,2244
2019-06-21,83561867,2966947,179175,3286
2019-06-22,83682676,2970817,120809,3870
2019-06-23,83738071,2974577,55394,3760
2019-06-24,83862964,2978376,124893,3799
2019-06-25,83909825,2981215,46860,2839
2019-06-26,83984955,2983996,75130,2781
2019-06-27,84028076,2985786,43120,1790
2019-06-28,84071953,2987618,43877,1832
2019-06-29,84134781,2990472,62828,2854
2019-06-30,84174305,2992482,39523,2010
2019-07-01,84199351,2993983,25045,1501
2019-07-02,84230005,2995501,30654,1518
2019-07-03,84267118,2997248,37113,1747
2019-07-04,84323144,2999777,56025,2529
2019-07-05,84375179,3001901,52034,2124
2019-07-06,84404566,3004950,29386,3049
2019-07-07,84457738,3007835,53171,2885
2019-07-08,84510888,3010418,53150,2583
2019-07-09,84578100,3013369,67212,2951
2019-07-10,84668075,3016036,89975,2667
2019-07-11,84726525,3017933,58449,1897
2019-07-12,84762512,3020374,35986,2441
2019-07-13,84805175,3023160,42663,2786
2019-07-14,84860289,3025875,55113,2715
2019-07-15,84929579,3028395,69290,2520
2019-07-16,84974730,3029557,45150,1162
2019-07-17,85037052,3032312,62322,2755
2019-07-18,85095154,3036639,58102,4327
2019-07-19,85122628,3039618,27473,2979
2019-07-20,85158993,3044397,36365,4779
2019-07-21,85196017,3049169,37023,4772
2019-07-22,85232358,3052655,36341,3486
2019-07-23,85265038,3056347,32680,3692
2019-07-24,85290536,3059196,25498,2849
2019-07-25,85314735,3061749,24199,2553
2019-07-26,85347396,3065840,32660,4091
2019-07-27,85381367,3069790,33970,3950
2019-07-28,85414978,3073712,33611,3922
2019-07-29,85467270,3077607,52291,3895
2019-07-30,85517355,3081842,50084,4235
2019-07-31,85574309,3085477,56954,3635
2019-08-01,85649006,3088603,74697,3126
2019-08-02,85683121,3091495,34114,2892
2019-08-03,85723105,3094965,39984,3470
2019-08-04,85759846,3098674,36740,3709
2019-08-05,85789402,3101951,29556,3277
2019-08-06,85823907,3104078,34505,2127
2019-08-07,85860876,3106902,36969,2824
2019-08-08,85901665,3109761,40788,2859
2019-08-09,85943145,3112553,41480,2792
2019-08-10,85964862,3114694,21716,2141
2019-08-11,85988844,3117052,23982,2358
2019-08-12,86094305,3119477,105460,2425
2019-08-13,86137339,3122062,43034,2585
2019-08-14,86175209,3124846,37870,2784
2019-08-15,86209777,3127450,34567,2604
2019-08-16,86254924,3130150,45147,2700
2019-08-17,86277666,3133831,22741,3681
2019-08-18,86299097,3137605,21431,3774
2019-08-19,86330382,3140021,31284,2416
2019-08-20,86356663,3147012,26280,6991
2019-08-21,86382167,3151665,25504,4653
2019-08-22,86424060,3155695,41892,4030
2019-08-23,86464423,3159723,40363,4028
2019-08-24,86506504,3165183,42080,5460
2019-08-25,86541558,3168791,35053,3608
2019-08-26,86591551,3171253,49993,2462
2019-08-27,86619236,3175458,27685,4205
2019-08-28,86684042,3179290,64805,3832
2019-08-29,86728580,3182725,44537,3435
2019-08-30,86758989,3186500,30408,3775
2019-08-31,86805505,3192170,46515,5670
2019-09-01,86853038,3197392,47533,5222
2019-09-02,86895703,3201823,42664,4431
2019-09-03,86933901,3204961,38198,3138
2019-09-04,87021664,3207931,87762,2970
2019-09-05,87057663,3210063,35999,2132
2019-09-06,87086739,3211571,29075,1508
2019-09-07,87111752,3213080,25013,1509
2019-09-08,87156555,3214529,44802,1449
2019-09-09,87232795,3215922,76240,1393
2019-09-10,87263941,3217099,31145,1177
2019-09-11,87295754,3218364,31813,1265
2019-09-12,87334637,3219674,38882,1310
2019-09-13,87399523,3220964,64886,1290
2019-09-14,87435812,3223841,36288,2877
2019-09-15,87464018,3226395,28206,2554
2019-09-16,87503497,3227651,39479,1256
2019-09-17,87534113,3228735,30615,1084
2019-09-18,87563680,3229879,29566,1144
2019-09-19,87638947,3231005,75267,1126
2019-09-20,87661314,3231890,22366,885
2019-09-21,87693130,3234236,31816,2346
2019-09-22,87724371,3236337,31240,2101
2019-09-23,87756593,3237839,32222,1502
2019-09-24,87793933,3239072,37340,1233
2019-09-25,87825393,3240155,31460,1083
2019-09-26,87858309,3241293,32915,1138
2019-09-27,87879916,3242298,21606,1005
2019-09-28,87899409,3244347,19492,2049
2019-09-29,87973530,3246910,74120,2563
2019-09-30,88004401,3249054,30871,2144
2019-10-01,88043827,3252856,39426,3802
2019-10-02,88081596,3256471,37769,3615
2019-10-03,88111642,3260549,30046,4078
2019-10-04,88143236,3263872,31594,3323
2019-10-05,88162416,3267328,19179,3456
2019-10-06,88216445,3270146,54029,2818
2019-10-07,88259599,3273271,43153,3125
2019-10-08,88300189,3276520,40590,3249
2019-10-09,88396925,3281991,96735,5471
2019-10-10,88445744,3286064,48818,4073
2019-10-11,88473882,3291170,28138,5106
2019-10-12,88504065,3294418,30182,3248
2019-10-13,88579608,3297588,75543,3170
2019-10-14,88691241,3301044,111633,3456
2019-10-15,88934695,3305700,243453,4656
2019-10-16,89112276,3309175,177581,3475
2019-10-17,89263591,3313825,151315,4650
2019-10-18,89390214,3317987,126622,4162
2019-10-19,89512645,3321923,122431,3936
2019-10-20,89785568,3330484,272923,8561
2019-10-21,89865192,3333637,79624,3153
2019-10-22,89951938,3336877,86745,3240
2019-10-23,90018251,3339135,66312,2258
2019-10-24,90091082,3341422,72830,2287
2019-10-25,90173269,3344100,82187,2678
2019-10-26,90262680,3348091,89410,3991
2019-10-27,90357420,3351695,94739,3604
2019-10-28,90431726,3355531,74306,3836
2019-10-29,90498488,3358476,66761,2945
2019-10-30,90578922,3361337,80434,2861
2019-10-31,90644225,3364137,65303,2800
2019-11-01,90694364,3367562,50138,3425
2019-11-02,90760575,3371567,66211,4005
2019-11-03,90846592,3374721,86016,3154
2019-11-04,90903596,3377582,57004,2861
2019-11-05,90954006,3380794,50409,3212
2019-11-06,91015947,3385902,61940,5108
2019-11-07,91085423,3391511,69475,5609
2019-11-08,91126610,3396010,41186,4499
2019-11-09,91164657,3401185,38047,5175
2019-11-10,91227114,3406221,62457,5036
2019-11-11,91304529,3409763,77415,3542
2019-11-12,91352810,3413515,48281,3752
2019-11-13,91394569,3417360,41758,3845
2019-11-14,91434468,3419989,39898,2629
2019-11-15,91460161,3422990,25693,3001
2019-11-16,91482412,3426189,22250,3199
2019-11-17,91534742,3428873,52329,2684
2019-11-18,91582593,3432019,47851,3146
2019-11-19,91629341,3434956,46748,2937
2019-11-20,91672526,3437924,43184,2968
2019-11-21,91714865,3440632,42338,2708
2019-11-22,91853668,3453740,138803,13108
2019-11-23,91955177,3471651,101509,17911
2019-11-24,92052991,3491437,97814,19786
2019-11-25,92134205,3501783,81213,10346
2019-11-26,92197004,3514069,62799,12286
2019-11-27,92290375,3525915,93370,11846
2019-11-28,92368172,3536256,77796,10341
2019-11-29,92470373,3555083,102200,18827
2019-11-30,92555969,3568514,85596,13431
2019-12-01,92643598,3585321,87628,16807
2019-12-02,92713418,3598669,69819,13348
2019-12-03,92800189,3607049,86771,8380
2019-12-04,92876034,3614574,75844,7525
2019-12-05,93033435,3624789,157401,10215
2019-12-06,93094353,3633025,60917,8236
2019-12-07,93157285,3642599,62931,9574
2019-12-08,93231743,3653643,74458,11044
2019-12-09,93344972,3663002,113228,9359
2019-12-10,93433993,3670877,89021,7875
2019-12-11,93514927,3679119,80934,8242
2019-12-12,93587709,3687275,72782,8156
2019-12-13,93637718,3693222,50009,5947
2019-12-14,93697101,3699788,59383,6566
2019-12-15,93749392,3705778,52290,5990
2019-12-16,93818984,3710856,69592,5078
2019-12-17,93880435,3714744,61450,3888
2019-12-18,94094106,3721285,213670,6541
2019-12-19,94202083,3727461,107977,6176
2019-12-20,94303761,3732326,101677,4865
2019-12-21,94388177,3739265,84416,6939
2019-12-22,94455472,3747796,67295,8531
2019-12-23,94526806,3752310,71333,4514
2019-12-24,94595556,3757292,68750,4982
2019-12-25,94660332,3762801,64775,5509
2019-12-26,94771822,3768274,111489,5473
2019-12-27,94852947,3775834,81125,7560
2019-12-28,94914717,3783121,61769,7287
2019-12-29,94995249,3790228,80532,7107
2019-12-30,95052484,3795608,57235,5380
2019-12-31,95106349,3801416,53865,5808
2020-01-01,95168614,3809050,62264,7634
2020-01-02,95240561,3817890,71946,8840
2020-01-03,95327247,3826343,86685,8453
2020-01-04,95467863,3838413,140615,12070
2020-01-05,95539808,3848129,71945,9716
2020-01-06,95652713,3854002,112904,5873
2020-01-07,95756595,3861968,103882,7966
2020-01-08,95837090,3867962,80494,5994
2020-01-09,95890791,3874810,53701,6848
2020-01-09,95891369,3874962,577,152
2020-01-10,95954944,3880917,63574,5955
2020-01-11,96032642,3888263,77698,7346
2020-01-12,96091486,3896975,58843,8712
2020-01-13,96164306,3904644,72819,7669
2020-01-14,96245982,3913649,81676,9005
2020-01-15,96308209,3920586,62226,6937
2020-01-16,96369155,3925301,60946,4715
2020-01-17,96441879,3930397,72723,5096
2020-01-18,96523234,3938104,81355,7707
2020-01-19,96579473,3946660,56239,8556
2020-01-20,96647020,3959724,67546,13064
2020-01-21,96742945,3968995,95924,9271
2020-01-22,96834744,3977193,91799,8198
2020-01-23,97006970,3986728,172226,9535
2020-01-24,97085015,4003485,78044,16757
2020-01-25,97141476,4014333,56461,10848
2020-01-26,97214099,4026567,72622,12234
2020-01-27,97279734,4036161,65635,9594
2020-01-28,97366376,4043998,86641,7837
2020-01-29,97443663,4050060,77287,6062
2020-01-30,97495305,4055053,51641,4993
2020-01-31,97576741,4060812,81435,5759
2020-02-01,97647313,4068375,70572,7563
2020-02-02,97724719,4075451,77405,7076
2020-02-03,97815977,4079931,91258,4480
2020-02-04,97900890,4082715,84912,2784
2020-02-05,98034738,4085932,133848,3217
2020-02-06,98149284,4088732,114546,2800
2020-02-07,98374690,4091945,225405,3213
2020-02-08,98463231,4101196,88541,9251
2020-02-09,98655746,4115564,192514,14368
2020-02-10,98802721,4121288,146975,5724
2020-02-11,99280390,4132773,477669,11485
2020-02-12,99499714,4137886,219324,5113
2020-02-13,99659251,4143665,159537,5779
2020-02-14,99774127,4148198,114875,4533
2020-02-15,99886748,4153139,112621,4941
2020-02-16,100027441,4157307,140692,4168
2020-02-17,100204717,4162890,177276,5583
2020-02-18,100402936,4167704,198218,4814
2020-02-19,100523414,4172490,120477,4786
2020-02-20,100636840,4178000,113425,5510
2020-02-21,100823432,4184204,186592,6204
2020-02-22,100943455,4190843,120022,6639
2020-02-23,101054386,4197797,110930,6954
2020-02-24,101201499,4204685,147113,6888
2020-02-25,101321359,4210112,119859,5427
2020-02-26,101423125,4215506,101766,5394
2020-02-27,101522854,4222033,99728,6527
2020-02-28,101640226,4229324,117371,7291
2020-02-29,101711718,4238955,71492,9631
2020-03-01,101836469,4247191,124750,8236
2020-03-02,101983012,4259022,146542,11831
2020-03-03,102111382,4264209,128370,5187
2020-03-04,102201036,4269270,89653,5061
2020-03-05,102270418,4273949,69381,4679
2020-03-06,102347804,4279097,77386,5148
2020-03-07,102418021,4286446,70217,7349
2020-03-08,102502296,4290556,84274,4110
2020-03-09,102566314,4294183,64017,3627
2020-03-10,102633374,4300131,67059,5948
2020-03-11,102718412,4307344,85037,7213
2020-03-12,102762744,4312418,44331,5074
2020-03-13,102811545,4314612,48801,2194
2020-03-14,102847974,4319882,36428,5270
2020-03-15,102890367,4325906,42393,6024
2020-03-16,102928670,4331753,38303,5847
2020-03-17,102966786,4338899,38115,7146
2020-03-18,103031619,4348483,64833,9584
2020-03-19,103123147,4355442,91528,6959
2020-03-20,103174630,4361037,51482,5595
2020-03-21,103228067,4367742,53436,6705
2020-03-22,103298277,4373510,70210,5768
2020-03-23,103354537,4378646,56259,5136
2020-03-24,103399580,4382734,45043,4088
2020-03-25,103467893,4386438,68312,3704
2020-03-26,103538151,4392284,70257,5846
2020-03-27,103589441,4397537,51290,5253
2020-03-28,103662273,4406163,72831,8626
2020-03-29,103713954,4412086,51681,5923
2020-03-30,103781569,4417367,67614,5281
2020-03-31,104261673,4434242,480104,16875
2020-04-01,104346984,4441451,85311,7209
2020-04-02,104401895,4445519,54910,4068
2020-04-03,104461183,4452561,59288,7042
2020-04-04,104537932,4463510,76748,10949
2020-04-05,104593335,4469893,55403,6383
2020-04-06,104636001,4476530,42666,6637
2020-04-07,104684823,4481312,48821,4782
2020-04-08,104782458,4485102,97635,3790
2020-04-09,104837063,4489365,54605,4263
2020-04-10,104987803,4494115,150739,4750
2020-04-11,105039942,4501883,52138,7768
2020-04-12,105086808,4508964,46865,7081
2020-04-13,105132837,4514309,46029,5345
2020-04-14,105195376,4523753,62539,9444
2020-04-15,105249201,4529002,53825,5249
2020-04-16,105335745,4532630,86543,3628
2020-04-17,105396648,4537049,60902,4419
2020-04-18,105519459,4542129,122811,5080
2020-04-19,105583058,4547240,63599,5111
2020-04-20,105635520,4550766,52461,3526
2020-04-21,105756029,4555135,120509,4369
2020-04-22,105850399,4558999,94369,3864
2020-04-23,105985561,4563132,135162,4133
2020-04-24,106059948,4566715,74386,3583
2020-04-25,106169039,4571262,109090,4547
2020-04-26,106274618,4576157,105579,4895
2020-04-27,106354282,4580651,79663,4494
2020-04-28,106412778,4585217,58495,4566
2020-04-29,106479600,4588065,66822,2848
2020-04-30,106579278,4590370,99677,2305
2020-05-01,106685852,4594541,106574,4171
2020-05-02,106817680,4598501,131827,3960
2020-05-03,106907244,4603559,89564,5058
2020-05-04,106964996,4606778,57751,3219
2020-05-05,107048095,4609688,83099,2910
2020-05-06,107111644,4612167,63548,2479
2020-05-07,107174945,4614092,63301,1925
2020-05-08,107265725,4616695,90779,2603
2020-05-09,107335723,4619888,69998,3193
2020-05-10,107389715,4622491,53991,2603
2020-05-11,107435202,4625121,45487,2630
2020-05-12,107473701,4627608,38499,2487
2020-05-13,107538341,4629918,64640,2310
2020-05-14,107625262,4632063,86921,2145
2020-05-15,107693753,4634690,68490,2627
2020-05-16,107783990,4638104,90237,3414
2020-05-17,107853413,4641655,69422,3551
2020-05-18,107933788,4644076,80375,2421
2020-05-19,107996332,4646403,62543,2327
2020-05-20,108100956,4648887,104623,2484
2020-05-21,108220943,4651316,119987,2429
2020-05-22,108341735,4653793,120791,2477
2020-05-23,108440671,4658481,98935,4688
2020-05-24,108705485,4662990,264813,4509
2020-05-25,108811223,4666309,105738,3319
2020-05-26,108918630,4669308,107406,2999
2020-05-27,109019621,4672119,100991,2811
2020-05-28,109106883,4674859,87262,2740
2020-05-29,109191924,4677455,85040,2596
2020-05-30,109263124,4679844,71200,2389
2020-05-31,109348366,4681713,85241,1869
2020-06-01,109447884,4683466,99517,1753
2020-06-02,109532456,4684880,84572,1414
2020-06-03,109630159,4686458,97703,1578
2020-06-04,109772242,4689751,142082,3293
2020-06-05,109871317,4692032,99074,2281
2020-06-06,109962726,4694998,91409,2966
2020-06-07,110033715,4697155,70989,2157
2020-06-08,110093149,4699128,59433,1973
2020-06-09,110175016,4700903,81867,1775
2020-06-10,110269684,4702675,94667,1772
2020-06-11,110396239,4705887,126554,3212
2020-06-12,110468210,4708126,71971,2239
2020-06-13,110585304,4710453,117093,2327
2020-06-14,110668778,4713507,83473,3054
2020-06-15,110783255,4715752,114477,2245
2020-06-16,110891191,4718398,107936,2646
2020-06-17,110960167,4719992,68975,1594
2020-06-18,111098880,4721815,138712,1823
2020-06-19,111212692,4723415,113812,1600
2020-06-20,111263686,4726022,50993,2607
2020-06-21,111332005,4729109,68319,3087
2020-06-22,111402187,4730823,70182,1714
2020-06-23,111525670,4734189,123482,3366
2020-06-24,111600563,4735879,74893,1690
2020-06-25,111682109,4739453,81546,3574
2020-06-26,111741972,4741436,59863,1983
2020-06-27,111785786,4743538,43813,2102
2020-06-28,111859704,4745164,73917,1626
2020-06-29,111936962,4746617,77258,1453
2020-06-30,112075456,4749695,138494,3078
2020-07-01,112207569,4751570,132113,1875
2020-07-02,112316171,4753951,108601,2381
2020-07-03,112386584,4755926,70413,1975
2020-07-04,112469613,4759183,83028,3257
2020-07-05,112536519,4761685,66906,2502
2020-07-06,112613179,4763754,76659,2069
2020-07-07,112678495,4765804,65316,2050
2020-07-08,112775681,4768180,97185,2376
2020-07-09,112877718,4771068,102037,2888
2020-07-10,112971991,4773972,94272,2904
2020-07-11,113138747,4778057,166755,4085
2020-07-12,113282398,4781171,143650,3114
2020-07-13,113387632,4782825,105234,1654
2020-07-14,113497536,4784592,109903,1767
2020-07-15,113588499,4786370,90963,1778
2020-07-16,113672350,4788467,83851,2097
2020-07-17,113752956,4790082,80605,1615
2020-07-18,113821726,4792211,68770,2129
2020-07-19,113938449,4793672,116723,1461
2020-07-20,114044159,4795026,105709,1354
2020-07-21,114148791,4796614,104632,1588
2020-07-22,114288500,4798108,139708,1494
2020-07-23,114406090,4799519,117589,1411
2020-07-24,114531066,4801155,124975,1636
2020-07-25,114682653,4802829,151587,1674
2020-07-26,114798032,4804240,115378,1411
2020-07-27,114914977,4805299,116944,1059
2020-07-28,115024683,4806458,109706,1159
2020-07-29,115192023,4807609,167340,1151
2020-07-30,115344596,4809025,152572,1416
2020-07-31,115428067,4810158,83471,1133
2020-08-01,115519987,4811384,91919,1226
2020-08-02,115705156,4812712,185169,1328
2020-08-03,115842963,4813852,137806,1140
2020-08-04,116279863,4819144,436900,5292
2020-08-05,116419793,4821162,139929,2018
2020-08-06,116540695,4822757,120902,1595
2020-08-07,116666549,4824325,125853,1568
2020-08-08,116810008,4826087,143459,1762
2020-08-09,116958965,4827400,148957,1313
2020-08-10,117046450,4828277,87485,877
2020-08-11,117146757,4829111,100306,834
2020-08-12,117227822,4829472,81065,361
2020-08-13,117356145,4830487,128322,1015
2020-08-14,117516204,4831460,160058,973
2020-08-15,117674933,4832449,158729,989
2020-08-16,117817667,4833669,142734,1220
2020-08-17,117906823,4834585,89155,916
2020-08-18,118077596,4835631,170772,1046
2020-08-19,118184704,4836632,107108,1001
2020-08-20,118309592,4837899,124888,1267
2020-08-21,118430363,4838823,120770,924
2020-08-22,118564231,4839856,133868,1033
2020-08-23,118757708,4841179,193476,1323
2020-08-24,118878641,4842168,120932,989
2020-08-25,118999325,4843432,120684,1264
2020-08-26,119132610,4844606,133284,1174
2020-08-27,119284361,4845921,151751,1315
2020-08-28,119539338,4847375,254976,1454
2020-08-29,119692053,4850479,152714,3104
2020-08-30,119839522,4853171,147469,2692
2020-08-31,120000285,4854473,160762,1302
2020-09-01,120063072,4854763,62787,290
2020-09-02,120133376,4855331,70303,568
2020-09-03,120275193,4856654,141817,1323
2020-09-04,120418152,4858062,142959,1408
2020-09-05,120502453,4859287,84300,1225
2020-09-06,120673369,4860864,170916,1577
2020-09-07,120828804,4862522,155434,1658
2020-09-08,120943344,4863994,114540,1472
2020-09-09,121084105,4865475,140761,1481
2020-09-10,121220290,4866699,136184,1224
2020-09-11,121435871,4868083,215581,1384
2020-09-12,121625707,4869461,189835,1378
2020-09-13,121884008,4871049,258301,1588
2020-09-14,122140196,4872313,256188,1264
2020-09-15,122619190,4875270,478994,2957
2020-09-16,122814776,4877917,195585,2647
2020-09-17,122994267,4879544,179491,1627
2020-09-18,123401588,4882740,407321,3196
2020-09-19,123700103,4884578,298514,1838
2020-09-20,124129920,4886901,429816,2323
2020-09-21,124345022,4888632,215102,1731
2020-09-22,124912333,4892540,567311,3908
2020-09-23,125394212,4897540,481878,5000
2020-09-24,126094516,4900957,700304,3417
2020-09-25,126885618,4905059,791102,4102
2020-09-26,127550445,4907912,664827,2853
2020-09-27,128196830,4911178,646384,3266
2020-09-28,129243556,4914137,1046726,2959
2020-09-29,129817527,4916569,573971,2432
2020-09-30,130227151,4919111,409623,2542
2020-10-01,130617862,4921458,390711,2347
2020-10-02,130958681,4923914,340819,2456
2020-10-03,131408938,4927176,450256,3262
2020-10-04,131810241,4929883,401303,2707
2020-10-05,132187882,4932792,377640,2909
2020-10-06,132562298,4936003,374415,3211
2020-10-07,132957403,4938836,395105,2833
2020-10-08,133365254,4941376,407850,2540
2020-10-09,133788198,4944185,422943,2809
2020-10-10,134156506,4946666,368308,2481
2020-10-11,134476320,4949696,319813,3030
2020-10-12,134784590,4952369,308270,2673
2020-10-13,135055793,4954835,271202,2466
2020-10-14,135385040,4957651,329246,2816
2020-10-15,135872254,4960310,487214,2659
2020-10-16,136158231,4962781,285977,2471
2020-10-17,136618638,4966013,460406,3232
2020-10-18,136955123,4969184,336485,3171
2020-10-19,137385896,4971979,430773,2795
2020-10-20,137607466,4974220,221569,2241
2020-10-21,137905540,4976274,298073,2054
2020-10-22,138415959,4978365,510418,2091
2020-10-23,138673365,4981070,257406,2705
2020-10-24,139099678,4985944,426312,4874
2020-10-25,139460777,4991541,361098,5597
2020-10-26,139772354,4995283,311577,3742
2020-10-27,139981372,4999455,209018,4172
2020-10-28,140253938,5002610,272565,3155
2020-10-29,140506466,5005985,252527,3375
2020-10-30,140751430,5009519,244964,3534
2020-10-31,141045163,5014233,293732,4714
2020-11-01,141395851,5017482,350688,3249
2020-11-02,141620797,5019895,224945,2413
2020-11-03,141955931,5022438,335133,2543
2020-11-04,142230074,5025093,274143,2655
2020-11-05,142431669,5027606,201594,2513
2020-11-06,142897447,5029857,465777,2251
2020-11-07,143202630,5032462,305183,2605
2020-11-08,143522436,5036091,319806,3629
2020-11-09,143765799,5038871,243362,2780
2020-11-10,144117437,5041937,351638,3066
2020-11-11,144507895,5045017,390458,3080
2020-11-12,145515837,5061972,1007941,16955
2020-11-13,145968590,5065338,452752,3366
2020-11-14,146417778,5069488,449188,4150
2020-11-15,146788827,5073308,371049,3820
2020-11-16,147121779,5076412,332951,3104
2020-11-17,147401679,5078809,279900,2397
2020-11-18,147714020,5081368,312340,2559
2020-11-19,148082851,5084411,368831,3043
2020-11-20,148355151,5086781,272300,2370
2020-11-21,149007321,5089239,652169,2458
2020-11-22,149360195,5091777,352874,2538
2020-11-23,149668800,5093635,308604,1858
2020-11-24,149876170,5095288,207370,1653
2020-11-25,150090416,5097441,214246,2153
2020-11-26,150308019,5099364,217602,1923
2020-11-27,150653418,5103891,345398,4527
2020-11-28,151001544,5108081,348126,4190
2020-11-29,151457389,5111637,455845,3556
2020-11-30,151720652,5113410,263262,1773
2020-12-01,151886721,5115568,166068,2158
2020-12-02,152371500,5118445,484779,2877
2020-12-03,152598266,5120962,226766,2517
2020-12-04,153065773,5123914,467507,2952
2020-12-05,153406949,5127351,341175,3437
2020-12-06,153791624,5131008,384674,3657
2020-12-07,154031541,5133761,239917,2753
2020-12-08,154338535,5136192,306994,2431
2020-12-09,154529766,5138393,191230,2201
2020-12-10,154746078,5141039,216311,2646
2020-12-11,155442427,5149216,696349,8177
2020-12-12,155731246,5153034,288818,3818
2020-12-13,156125667,5156149,394420,3115
2020-12-14,156383748,5158669,258081,2520
2020-12-15,156573880,5160821,190132,2152
2020-12-16,156802829,5162688,228948,1867
2020-12-17,157054360,5163940,251530,1252
2020-12-18,157345043,5166344,290682,2404
2020-12-19,157663398,5168986,318355,2642
2020-12-20,158203922,5172040,540523,3054
2020-12-21,158553045,5174244,349123,2204
2020-12-22,159102090,5177015,549045,2771
2020-12-23,159382745,5179069,280654,2054
2020-12-24,159747426,5181495,364680,2426
2020-12-25,160113297,5183403,365871,1908
2020-12-26,160467270,5185664,353972,2261
2020-12-27,160857129,5187905,389859,2241
2020-12-28,161097429,5189608,240300,1703
2020-12-29,161334113,5191470,236684,1862
2020-12-30,161690462,5193041,356348,1571
2020-12-31,161947774,5194742,257312,1701
2021-01-01,162400359,5198261,452585,3519
2021-01-02,162665766,5200384,265406,2123
2021-01-03,162992791,5201594,327025,1210
2021-01-04,163360209,5202998,367417,1404
2021-01-05,163975849,5204477,615639,1479
2021-01-06,164950126,5206090,974277,1613
2021-01-07,165433382,5207407,483255,1317
2021-01-08,166002047,5209537,568665,2130
2021-01-09,166531906,5211479,529858,1942
2021-01-10,167373715,5213293,841808,1814
2021-01-11,167650322,5214563,276607,1270
2021-01-12,167961010,5216224,310688,1661
2021-01-13,168513784,5218614,552773,2390
2021-01-14,168978072,5221345,464287,2731
2021-01-15,169423719,5223806,445646,2461
2021-01-16,170076354,5227163,652634,3357
2021-01-17,170584953,5229154,508599,1991
2021-01-18,171286103,5231164,701149,2010
2021-01-19,171806263,5232791,520160,1627
2021-01-20,172412900,5234962,606636,2171
2021-01-21,172997610,5237175,584710,2213
2021-01-22,173618322,5239440,620712,2265
2021-01-23,175120115,5241645,1501792,2205
2021-01-24,176226081,5244015,1105965,2370
2021-01-25,176974439,5245841,748358,1826
2021-01-26,177792577,5248884,818137,3043
2021-01-27,178934724,5251124,1142147,2240
2021-01-28,179595151,5252484,660426,1360
2021-01-29,180828583,5255412,1233432,2928
2021-01-30,183952803,5261692,3124219,6280
2021-01-31,190711470,5270011,6758667,8319
2021-02-01,198630910,5275607,7919439,5596
2021-02-02,205513430,5279316,6882519,3709
2021-02-03,208929918,5281683,3416488,2367
2021-02-04,212659317,5283607,3729398,1924
2021-02-05,214850029,5285149,2190711,1542
2021-02-06,217291742,5288080,2441713,2931
2021-02-07,219792673,5290548,2500930,2468
2021-02-08,223696249,5292182,3903576,1634
2021-02-09,226437550,5293665,2741300,1483
2021-02-10,228171702,5294738,1734152,1073
2021-02-11,231788191,5298324,3616488,3586
2021-02-12,233765993,5301298,1977801,2974
2021-02-13,237897741,5304435,4131747,3137
2021-02-14,245666344,5308303,7768603,3868
2021-02-15,251908398,5311745,6242053,3442
2021-02-16,260373014,5316441,8464616,4696
2021-02-17,270349809,5320520,9976794,4079
2021-02-18,280410340,5324073,10060531,3553
2021-02-19,292134354,5327487,11724013,3414
2021-02-20,300461468,5330756,8327113,3269
2021-02-21,316953893,5336705,16492425,5949
2021-02-22,332589970,5340354,15636076,3649
2021-02-23,339038236,5342808,6448266,2454
2021-02-24,346970156,5348129,7931920,5321
2021-02-25,352672357,5353683,5702201,5554
2021-02-26,359144731,5362001,6472373,8318
2021-02-27,368032800,5373456,8888068,11455
2021-02-28,375020237,5379877,6987437,6421
2021-03-01,384836854,5393192,9816616,13315
2021-03-02,395832285,5402443,10995431,9251
2021-03-03,405311572,5409114,9479287,6671
2021-03-04,412478336,5415664,7166763,6550
2021-03-05,420293565,5423478,7815228,7814
2021-03-06,425696068,5430345,5402503,6867
2021-03-07,432470222,5439852,6774154,9507
2021-03-08,442431723,5449029,9961500,9177
2021-03-09,453394434,5457248,10962710,8219
2021-03-10,462642979,5468935,9248545,11687
2021-03-11,491713984,5476726,29071005,7791
2021-03-12,507949005,5483946,16235020,7220
2021-03-13,523662259,5495034,15713254,11088
2021-03-14,538370944,5503922,14708685,8888
2021-03-15,548936721,5511278,10565776,7356
2021-03-16,559179661,5520217,10242940,8939
2021-03-17,571089944,5529997,11910282,9780
2021-03-18,581727465,5539337,10637520,9340
2021-03-19,589608015,5549739,7880550,10402
2021-03-20,599850691,5558571,10242676,8832
2021-03-21,613182285,5572138,13331593,13567
2021-03-22,621416194,5579541,8233909,7403
2021-03-23,628142796,5586440,6726601,6899
2021-03-24,635269105,5591806,7126309,5366
2021-03-25,640006305,5596572,4737199,4766
2021-03-26,645726251,5604350,5719945,7778
2021-03-27,652077443,5611626,6351192,7276
2021-03-28,658373245,5618183,6295801,6557
2021-03-29,665436991,5624139,7063746,5956
2021-03-30,673347430,5629303,7910438,5164
2021-03-31,680020360,5633849,6672930,4546
2021-04-01,686493215,5638188,6472854,4339
2021-04-02,691883377,5641877,5390162,3689
2021-04-03,697335832,5646234,5452455,4357
2021-04-04,701952775,5652220,4616942,5986
2021-04-05,708249538,5657214,6296763,4994
2021-04-06,712967248,5661882,4717710,4668
2021-04-07,717420817,5669787,4453568,7905
2021-04-08,729847301,5675818,12426484,6031
2021-04-09,741021252,5681613,11173951,5795
2021-04-10,748311990,5688233,7290737,6620
2021-04-11,773267888,5695229,24955897,6996
2021-04-12,780778848,5700601,7510959,5372
2021-04-13,789482376,5706042,8703528,5441
2021-04-14,803726484,5713295,14244108,7253
2021-04-15,814206813,5718337,10480329,5042
2021-04-16,826317003,5723564,12110190,5227
2021-04-17,832949812,5728540,6632808,4976
2021-04-18,838886272,5733201,5936459,4661
2021-04-19,845305015,5736943,6418742,3742
2021-04-20,850577357,5739440,5272342,2497
2021-04-21,856526269,5743423,5948912,3983
2021-04-22,862145380,5748170,5619110,4747
2021-04-23,867902157,5753891,5756777,5721
2021-04-24,872630817,5759079,4728659,5188
2021-04-25,875930337,5764702,3299519,5623
2021-04-26,880835511,5770546,4905174,5844
2021-04-27,890628540,5777814,9793028,7268
2021-04-28,896413542,5783782,5785002,5968
2021-04-29,900890810,5789080,4477267,5298
2021-04-30,907420843,5795758,6530033,6678
2021-05-01,917186286,5812397,9765443,16639
2021-05-02,927590860,5818457,10404574,6060
2021-05-03,1032258516,5833142,104667655,14685
2021-05-04,1064778309,5839823,32519793,6681
2021-05-05,1078908586,5844482,14130277,4659
2021-05-06,1089776074,5849191,10867487,4709
2021-05-07,1097584937,5853467,7808862,4276
2021-05-08,1108385115,5856035,10800178,2568
2021-05-09,1118385440,5859414,10000325,3379
2021-05-10,1125819813,5860775,7434372,1361
2021-05-11,1133463092,5862342,7643278,1567
2021-05-12,1157950269,5866545,24487177,4203
2021-05-13,1173132632,5870500,15182363,3955
2021-05-14,1185305491,5876122,12172858,5622
2021-05-15,1193452390,5880662,8146899,4540
2021-05-16,1200162567,5884798,6710176,4136
2021-05-17,1204026945,5887999,3864378,3201
2021-05-18,1209159041,5891598,5132095,3599
2021-05-19,1211705732,5893939,2546691,2341
2021-05-20,1214779409,5898676,3073676,4737
2021-05-21,1218481177,5903083,3701768,4407
2021-05-22,1224229823,5908602,5748646,5519
2021-05-23,1227300915,5911684,3071092,3082
2021-05-24,1231913163,5915651,4612247,3967
2021-05-25,1235544702,5919673,3631538,4022
2021-05-26,1239356095,5923795,3811393,4122
2021-05-27,1245602938,5930089,6246842,6294
2021-05-28,1250695017,5934586,5092078,4497
2021-05-29,1255260432,5938867,4565414,4281
2021-05-30,1259489048,5943281,4228616,4414
2021-05-31,1263494399,5947708,4005350,4427
2021-06-01,1269061265,5952914,5566865,5206
2021-06-02,1272370275,5956883,3309010,3969
2021-06-03,1275449444,5960872,3079168,3989
2021-06-04,1278414617,5965180,2965173,4308
2021-06-05,1281370096,5969668,2955479,4488
2021-06-06,1285426322,5974135,4056225,4467
2021-06-07,1291142538,5978729,5716216,4594
2021-06-08,1295634967,5983509,4492428,4780
2021-06-09,1298956199,5989188,3321232,5679
2021-06-10,1303176530,5995688,4220331,6500
2021-06-11,1312625468,6009116,9448937,13428
2021-06-12,1315308451,6013517,2682982,4401
2021-06-13,1317632190,6018090,2323739,4573
2021-06-14,1320990791,6024139,3358600,6049
2021-06-15,1328560181,6038080,7569389,13941
2021-06-16,1334047239,6045200,5487057,7120
2021-06-17,1339596893,6050958,5549653,5758
2021-06-18,1344548339,6068908,4951446,17950
2021-06-19,1351467657,6086561,6919317,17653
2021-06-20,1363923409,6108095,12455752,21534
2021-06-21,1376159782,6129507,12236372,21412
2021-06-22,1381580409,6135620,5420627,6113
2021-06-23,1387914195,6143142,6333785,7522
2021-06-24,1394718786,6153434,6804591,10292
2021-06-25,1404704788,6168808,9986001,15374
2021-06-26,1413911115,6180258,9206326,11450
2021-06-27,1422644723,6207255,8733607,26997
2021-06-28,1430640389,6219455,7995666,12200
2021-06-29,1437939891,6229459,7299501,10004
2021-06-30,1449259095,6273521,11319204,44062
2021-07-01,1455937658,6297648,6678562,24127
2021-07-02,1463120510,6309511,7182851,11863
2021-07-03,1467575419,6318308,4454909,8797
2021-07-04,1475466675,6327801,7891255,9493
2021-07-05,1481466650,6337518,5999974,9717
2021-07-06,1488576697,6346383,7110047,8865
2021-07-07,1498123090,6360279,9546393,13896
2021-07-08,1508090420,6381191,9967329,20912
2021-07-09,1517647431,6394962,9557011,13771
2021-07-10,1528692621,6408504,11045189,13542
2021-07-11,1538225739,6424206,9533117,15702
2021-07-12,1547756430,6436769,9530691,12563
2021-07-13,1559806294,6455580,12049863,18811
2021-07-14,1569112449,6469718,9306155,14138
2021-07-15,1584054305,6487970,14941855,18252
2021-07-16,1599387204,6507686,15332899,19716
2021-07-17,1617125638,6528953,17738433,21267
2021-07-18,1627420684,6545970,10295045,17017
2021-07-19,1638218693,6559724,10798009,13754
2021-07-20,1647959020,6581144,9740327,21420
2021-07-21,1656777233,6595693,8818212,14549
2021-07-22,1664474143,6604946,7696910,9253
2021-07-23,1673527592,6613790,9053448,8844
2021-07-24,1680917431,6620814,7389839,7024
2021-07-25,1690323841,6628224,9406409,7410
2021-07-26,1706124141,6637361,15800299,9137
2021-07-27,1716962170,6645900,10838029,8539
2021-07-28,1727024162,6653144,10061992,7244
2021-07-29,1741888899,6659005,14864737,5861
2021-07-30,1769650428,6665115,27761528,6110
2021-07-31,1843902413,6676859,74251985,11744
2021-08-01,1921899975,6690504,77997562,13645
2021-08-02,1949382780,6707198,27482804,16694
2021-08-03,1988934058,6726171,39551278,18973
2021-08-04,2066562182,6747502,77628124,21331
2021-08-05,2144339307,6774411,77777124,26909
2021-08-06,2249821176,6803813,105481869,29402
2021-08-07,2315695263,6857089,65874086,53276
2021-08-08,2401260801,6922325,85565538,65236
2021-08-09,2485369075,7004389,84108274,82064
2021-08-10,2558565011,7083612,73195935,79223
2021-08-11,2625010888,7139626,66445876,56014
2021-08-12,2683910763,7183775,58899874,44149
2021-08-13,2742610439,7246619,58699676,62844
2021-08-14,2807796187,7289197,65185748,42578
2021-08-15,2870264932,7351829,62468744,62632
2021-08-16,2921346167,7406295,51081235,54466
2021-08-17,2961589011,7436609,40242843,30314
2021-08-18,3005396654,7457379,43807643,20770
2021-08-19,3037913996,7482216,32517342,24837
2021-08-20,3115217599,7508411,77303603,26195
2021-08-21,3223181496,7535187,107963896,26776
2021-08-22,3323352821,7567031,100171325,31844
2021-08-23,3566930620,7601607,243577798,34576
2021-08-24,3761880403,7643809,194949783,42202
2021-08-25,3914466731,7690685,152586327,46876
2021-08-26,4050615028,7731069,136148296,40384
2021-08-27,4258766143,7791478,208151115,60409
2021-08-28,4590295406,7839873,331529263,48395
2021-08-29,4978931765,7897699,388636358,57826
2021-08-30,5206486952,7947449,227555186,49750
2021-08-31,5363242858,8006710,156755906,59261
2021-09-01,5514959669,8053004,151716810,46294
2021-09-02,5660670177,8072745,145710507,19741
2021-09-03,5790191091,8092038,129520914,19293
2021-09-04,5892927584,8122600,102736493,30562
2021-09-05,5981054012,8160070,88126427,37470
2021-09-06,6055278415,8188721,74224403,28651
2021-09-07,6108395657,8202054,53117241,13333
2021-09-08,6151416752,8223082,43021094,21028
2021-09-09,6191056143,8240666,39639391,17584
2021-09-10,6228068306,8255685,37012162,15019
2021-09-11,6259099528,8273969,31031222,18284
2021-09-12,6285874436,8295806,26774908,21837
2021-09-13,6339455797,8310839,53581360,15033
2021-09-14,6378333978,8323394,38878181,12555
2021-09-15,6430468064,8347964,52134085,24570
2021-09-16,6525734135,8368627,95266071,20663
2021-09-17,6565483822,8388498,39749686,19871
2021-09-18,6605802962,8413535,40319139,25037
2021-09-19,6639517628,8425433,33714666,11898
2021-09-20,6670549527,8442965,31031898,17532
2021-09-21,6713692300,8467325,43142772,24360
2021-09-22,6737687039,8478840,23994739,11515
2021-09-23,6796515230,8498240,58828191,19400
2021-09-24,6850331119,8537423,53815888,39183
2021-09-25,6911718458,8589278,61387339,51855
2021-09-26,6978628403,8637397,66909945,48119
2021-09-27,7082115643,8700473,103487240,63076
2021-09-28,7183234755,8742385,101119111,41912
2021-09-29,7258880053,8791215,75645298,48830
2021-09-30,7351657769,8860833,92777715,69618
2021-10-01,7438397864,8906924,86740095,46091
2021-10-02,7517092938,8950543,78695073,43619
2021-10-03,7610628795,8998165,93535857,47622
2021-10-04,7738337174,9080917,127708378,82752
2021-10-05,7848288311,9133930,109951137,53013
2021-10-06,7927145125,9162962,78856813,29032
2021-10-07,8019545103,9212814,92399977,49852
2021-10-08,8123808751,9281662,104263647,68848
2021-10-09,8182217292,9316707,58408541,35045
2021-10-10,8238557984,9355575,56340691,38868
2021-10-11,8290666767,9381502,52108782,25927
2021-10-12,8345876841,9408962,55210073,27460
2021-10-13,8412019539,9428654,66142698,19692
2021-10-14,8460900096,9451624,48880556,22970
2021-10-15,8521832824,9470824,60932728,19200
2021-10-16,8568835720,9487372,47002895,16548
2021-10-17,8621377082,9506186,52541362,18814
2021-10-18,8679946477,9583368,58569395,77182
2021-10-19,8788543906,9745100,108597429,161732
2021-10-20,8878464925,9854022,89921018,108922
2021-10-21,8932409902,9903622,53944977,49600
2021-10-22,8987609057,9946225,55199155,42603
2021-10-23,9093178428,10068314,105569370,122089
2021-10-24,9166815200,10185622,73636771,117308
2021-10-25,9217392642,10225761,50577442,40139
2021-10-26,9259909672,10257126,42517029,31365
2021-10-27,9368154865,10397112,108245193,139986
2021-10-28,9407716706,10427209,39561841,30097
2021-10-29,9450085350,10454399,42368644,27190
2021-10-30,9584712030,10507693,134626679,53294
2021-10-31,9651053069,10561165,66341039,53472
2021-11-01,9686591841,10574811,35538771,13646
2021-11-02,9769205151,10642199,82613309,67388
2021-11-03,9812304480,10665664,43099329,23465
2021-11-04,9859177132,10678772,46872651,13108
2021-11-05,9890101769,10691247,30924636,12475
2021-11-06,9948557762,10809535,58455993,118288
2021-11-07,10010966054,10853882,62408291,44347
2021-11-08,10088033031,10913146,77066977,59264
2021-11-09,10140008108,10964025,51975076,50879
2021-11-10,10199018447,11008847,59010338,44822
2021-11-11,10234561613,11022782,35543166,13935
2021-11-12,10228364893,11020587,-6196719,-2195
